[
    {
        "id": 1, 
        "tag": "featured",
        "category": "financial planning",
        "img": "/images/assessment.webp",
        "title": "Investment Opportunities Explore Options",
        "author": "Avitex",
        "avatar": "/images/member/60x60.png",
        "date": "2 days ago",
        "desc": "The jobs report soundly beat expectations, with job gains broadly spread across the economy and about 60% higher…",
        "listImg": [
            "/images/blog/930x593.png",
            "/images/blog/930x593.png"
        ]
    },
    { 
        "id": 2,
        "tag": "experience",
        "category": "payment solution",
        "img": "/images/assessment.webp",
        "title": "Credit Card Management Use Wisely",
        "author": "Avitex",
        "avatar": "/images/member/60x60.png",
        "date": "2 days ago",
        "desc": "The jobs report soundly beat expectations, with job gains broadly spread across the economy and about 60% higher…",
        "listImg": [
            "/images/blog/930x593.png",
            "/images/blog/930x593.png"
        ]
    },
    {
        "id": 3,
        "tag": "interview",
        "category": "cryptocurrency financial",
        "img": "/images/assessment.webp",
        "title": "Savings Strategies Strong Foundation",
        "author": "Avitex",
        "avatar": "/images/member/60x60.png",
        "date": "2 days ago",
        "desc": "The jobs report soundly beat expectations, with job gains broadly spread across the economy and about 60% higher…",
        "listImg": [
            "/images/blog/930x593.png",
            "/images/blog/930x593.png"
        ]
    },
    {
        "id": 4,
        "tag": "skill",
        "category": "blockchain",
        "img": "/images/assessment.webp",
        "title": "Stock Market Trends Analyze Movements",
        "author": "Avitex",
        "avatar": "/images/member/60x60.png",
        "date": "2 days ago",
        "desc": "The jobs report soundly beat expectations, with job gains broadly spread across the economy and about 60% higher…",
        "listImg": [
            "/images/blog/930x593.png",
            "/images/blog/930x593.png"
        ]
    },
    {
        "id": 5,
        "tag": "business",
        "category": "online banking",
        "img": "/images/assessment.webp",
        "title": "Estate Planning Secure Your Legacy",
        "author": "Avitex",
        "avatar": "/images/member/60x60.png",
        "date": "2 days ago",
        "desc": "The jobs report soundly beat expectations, with job gains broadly spread across the economy and about 60% higher…",
        "listImg": [
            "/images/blog/930x593.png",
            "/images/blog/930x593.png"
        ]
    },
    {
        "id": 6,
        "tag": "design",
        "category": "personal financial",
        "img": "/images/assessment.webp",
        "title": "Wealth Building Sustainable Growth",
        "author": "Avitex",
        "avatar": "/images/member/60x60.png",
        "date": "2 days ago",
        "desc": "The jobs report soundly beat expectations, with job gains broadly spread across the economy and about 60% higher…",
        "listImg": [
            "/images/blog/930x593.png",
            "/images/blog/930x593.png"
        ]
    },
    {
        "id": 7,
        "tag": "featured",
        "category": "financial planning",
        "img": "/images/assessment.webp",
        "title": "Insurance Essentials Protect Your Assets",
        "author": "Avitex",
        "avatar": "/images/member/60x60.png",
        "date": "2 days ago",
        "desc": "The jobs report soundly beat expectations, with job gains broadly spread across the economy and about 60% higher…",
        "listImg": [
            "/images/blog/930x593.png",
            "/images/blog/930x593.png"
        ]
    },
    {
        "id": 8,
        "tag": "experience",
        "category": "payment solution",
        "img": "/images/assessment.webp",
        "title": "Financial Freedom Achieve Your Goals",
        "author": "Avitex",
        "avatar": "/images/member/60x60.png",
        "date": "2 days ago",
        "desc": "The jobs report soundly beat expectations, with job gains broadly spread across the economy and about 60% higher…",
        "listImg": [
            "/images/blog/930x593.png",
            "/images/blog/930x593.png"
        ]
    },
    {
        "id": 9,
        "tag": "interview",
        "category": "cryptocurrency financial",
        "img": "/images/assessment.webp",
        "title": "Real Estate Investing Build Wealth",
        "author": "Avitex",
        "avatar": "/images/member/60x60.png",
        "date": "2 days ago",
        "desc": "The jobs report soundly beat expectations, with job gains broadly spread across the economy and about 60% higher…",
        "listImg": [
            "/images/blog/930x593.png",
            "/images/blog/930x593.png"
        ]
    },
    {
        "id": 10,
        "tag": "skill",
        "category": "blockchain",
        "img": "/images/assessment.webp",
        "title": "Debt Management Break the Cycle",
        "author": "Avitex",
        "avatar": "/images/member/60x60.png",
        "date": "2 days ago",
        "desc": "The jobs report soundly beat expectations, with job gains broadly spread across the economy and about 60% higher…",
        "listImg": [
            "/images/blog/930x593.png",
            "/images/blog/930x593.png"
        ]
    },
    {
        "id": 11,
        "tag": "business",
        "category": "online banking",
        "img": "/images/assessment.webp",
        "title": "Tax Saving Tips Maximize Your Returns",
        "author": "Avitex",
        "avatar": "/images/member/60x60.png",
        "date": "2 days ago",
        "desc": "The jobs report soundly beat expectations, with job gains broadly spread across the economy and about 60% higher…",
        "listImg": [
            "/images/blog/930x593.png",
            "/images/blog/930x593.png"
        ]
    },
    {
        "id": 12,
        "tag": "design",
        "category": "personal financial",
        "img": "/images/assessment.webp",
        "title": "Economic Outlook Navigating Market",
        "author": "Avitex",
        "avatar": "/images/member/60x60.png",
        "date": "2 days ago",
        "desc": "The jobs report soundly beat expectations, with job gains broadly spread across the economy and about 60% higher…",
        "listImg": [
            "/images/blog/930x593.png",
            "/images/blog/930x593.png"
        ]
    },
    {
        "id": 13,
        "tag": "experience",
        "category": "financial planning",
        "img": "/images/assessment.webp",
        "title": "Insurance Essentials Protecting Your Assets",
        "author": "Avitex",
        "avatar": "/images/member/60x60.png",
        "date": "2 days ago",
        "desc": "The jobs report soundly beat expectations, with job gains broadly spread across the economy and about 60% higher…",
        "listImg": [
            "/images/blog/930x593.png",
            "/images/blog/930x593.png"
        ]
    } 
    
]