[
    {
        "id": 1,
        "category": "fintech",        
        "subTitle": "made financial planning",
        "title": "Retirement Planning Strategies",
        "desc": "Experience the excitement and potential of the cryptocurrency market with our expert trading services.",
        "shortDesc": "",        
        "img": "/images/blog/930x593.png"
    },
    {
        "id": 2,
        "category": "fintech",        
        "subTitle": "retirement planning",
        "title": "Taxes Optimization Solutions",
        "desc": "Experience the excitement and potential of the cryptocurrency market with our expert trading services.",
        "shortDesc": "",        
        "img": "/images/blog/930x593.png"
    },
    {
        "id": 3,
        "category": "fintech",        
        "subTitle": "account management tools",
        "title": "Business Succession Planning",
        "desc": "Experience the excitement and potential of the cryptocurrency market with our expert trading services.",
        "shortDesc": "",        
        "img": "/images/blog/930x593.png"
    },
    {
        "id": 4,
        "category": "fintech",        
        "subTitle": "made financial planning",
        "title": "Digital Finance Solutions",
        "desc": "Experience the excitement and potential of the cryptocurrency market with our expert trading services.",
        "shortDesc": "",        
        "img": "/images/blog/930x593.png"
    },
    {
        "id": 41,
        "category": "fintech",        
        "subTitle": "account management tools",
        "title": "Fintech Growth Case",
        "desc": "Experience the excitement and potential of the cryptocurrency market with our expert trading services.",
        "shortDesc": "",        
        "img": "/images/blog/930x593.png"
    },
    {
        "id": 42,
        "category": "fintech",        
        "subTitle": "made financial planning",
        "title": "Innovative Fintech Stories",
        "desc": "Experience the excitement and potential of the cryptocurrency market with our expert trading services.",
        "shortDesc": "",        
        "img": "/images/blog/930x593.png"
    },
    {
        "id": 5,
        "category": "investing",        
        "subTitle": "retirement planning",
        "title": "Consulting Firms Online",
        "desc": "Experience the excitement and potential of the cryptocurrency market with our expert trading services.",
        "shortDesc": "",        
        "img": "/images/blog/930x593.png"
    },
    {
        "id": 6,
        "category": "investing",        
        "subTitle": "account management tools",
        "title": "Web-Based Investments",
        "desc": "Experience the excitement and potential of the cryptocurrency market with our expert trading services.",
        "shortDesc": "",        
        "img": "/images/blog/930x593.png"
    },
    {
        "id": 7,
        "category": "investing",        
        "subTitle": "account management tools",
        "title": "Online Finance Portals",
        "desc": "Experience the excitement and potential of the cryptocurrency market with our expert trading services.",
        "shortDesc": "",        
        "img": "/images/blog/930x593.png"
    },
    {
        "id": 8,
        "category": "crypto",        
        "subTitle": "made financial planning",
        "title": "Crypto Implementation Case",
        "desc": "Experience the excitement and potential of the cryptocurrency market with our expert trading services.",
        "shortDesc": "",        
        "img": "/images/blog/930x593.png"
    },
    {
        "id": 81,
        "category": "crypto",        
        "subTitle": "retirement planning",
        "title": "Cryptocurrency Trading Finance",
        "desc": "Experience the excitement and potential of the cryptocurrency market with our expert trading services.",
        "shortDesc": "",        
        "img": "/images/blog/930x593.png"
    },
    {
        "id": 82,
        "category": "crypto",        
        "subTitle": "Budget Planning",
        "title": "Digital Currency Stories",
        "desc": "Experience the excitement and potential of the cryptocurrency market with our expert trading services.",
        "shortDesc": "",        
        "img": "/images/blog/930x593.png"
    },
    {
        "id": 9,
        "category": "blockchain",        
        "subTitle": "made financial planning",
        "title": "Blockchain Adoption Success",
        "desc": "Experience the excitement and potential of the cryptocurrency market with our expert trading services.",
        "shortDesc": "",        
        "img": "/images/blog/930x593.png"
    },
    {
        "id": 91,
        "category": "blockchain",        
        "subTitle": "Budget Planning",
        "title": "Innovative Blockchain Solutions",
        "desc": "Experience the excitement and potential of the cryptocurrency market with our expert trading services.",
        "shortDesc": "",        
        "img": "/images/blog/930x593.png"
    },
    {
        "id": 92,
        "category": "blockchain",        
        "subTitle": "retirement planning",
        "title": "Blockchain Industry Impact",
        "desc": "Experience the excitement and potential of the cryptocurrency market with our expert trading services.",
        "shortDesc": "",        
        "img": "/images/blog/930x593.png"
    },
    {
        "id": 11,
        "category": "planning",        
        "subTitle": "made financial planning",
        "title": "Effective Planning Wins",
        "desc": "Get personalized financial advice to help reach your financial goals.",
        "shortDesc": "",        
        "img": "/images/blog/930x593.png"
    },
    {
        "id": 12,
        "category": "planning",        
        "subTitle": "Budget Planning",
        "title": "Strategic Planning Case",
        "desc": "Get personalized financial advice to help reach your financial goals.",
        "shortDesc": "",        
        "img": "/images/blog/930x593.png"
    },
    {
        "id": 13,
        "category": "planning",        
        "subTitle": "retirement planning",
        "title": "Innovative Planning Solutions",
        "desc": "Get personalized financial advice to help reach your financial goals.",
        "shortDesc": "",        
        "img": "/images/blog/930x593.png"
    },
    {
        "id": 14,
        "category": "planning",        
        "subTitle": "Budget Planning",
        "title": "Strategic Execution Wins",
        "desc": "Get personalized financial advice to help reach your financial goals.",
        "shortDesc": "",        
        "img": "/images/blog/930x593.png"
    }
]