[
    {
        "id": 1,
        "category": "fintech",
        "author": "Maverick",        
        "position": "Chariman, Avitex Inc",        
        "img": "/images/member/60x60.png",
        "title": "Variety of Styles!",
        "star": 5,
        "desc": "Working with this agency has been a game-changer for our business. Their team is knowledgeable, responsive, and always goes the extra mile."
    },
    {
        "id": 2,
        "category": "fintech",
        "author": "Leonardo",        
        "position": "Designer, TechX Corp",        
        "img": "/images/member/60x60.png",
        "title": "Congratulation!",
        "star": 4,
        "desc": "Your personalized approach and care have improved my financial planning. I highly value your services and attention to detail in crafting financial plans."
    },
    {
        "id": 3,
        "category": "fintech",
        "author": "De Rossi",        
        "position": "CEO, Hivelab Agency",        
        "img": "/images/member/60x60.png",
        "title": "Variety of Styles!",
        "star": 4,
        "desc": "I'm extremely satisfied with your services! Your meticulous financial planning helped me manage my assets efficiently and achieve my financial goals."
    },
    {
        "id": 4,
        "category": "fintech",
        "author": "Benjamin",        
        "position": "Chariman, Avitex Inc",        
        "img": "/images/member/60x60.png",
        "title": "Congratulation!",
        "star": 5,
        "desc": "I highly value and appreciate your services and the attention to detail you provide in crafting financial plans. Thank you for helping shape my financial future!"
    },
    {
        "id": 5,
        "category": "fintech",
        "author": "Alexander",        
        "position": "Designer, ThreeS Corp",        
        "img": "/images/member/60x60.png",
        "title": "Congratulation!",
        "star": 5,
        "desc": "Your personalized approach and care have improved my financial planning. I highly value your services and attention to detail in crafting financial plans."
    },
    {
        "id": 6,
        "category": "fintech",
        "author": "De Rossi",        
        "position": "CEO, Hivelab Agency",        
        "img": "/images/member/484x512.png",
        "title": "Variety of Styles!",
        "star": 4,
        "desc": "I'm extremely satisfied with your services! Your meticulous financial planning helped me manage my assets efficiently and achieve my financial goals."
    },
    {
        "id": 7,
        "category": "fintech",
        "author": "Benjamin",        
        "position": "Chariman, Avitex Inc",        
        "img": "/images/member/484x512.png",
        "title": "Congratulation!",
        "star": 5,
        "desc": "I highly value and appreciate your services and the attention to detail you provide in crafting financial plans. Thank you for helping financial future!"
    },
    {
        "id": 8,
        "category": "fintech",
        "author": "Alexander",        
        "position": "Designer, ThreeS Corp",        
        "img": "/images/member/484x512.png",
        "title": "Congratulation!",
        "star": 5,
        "desc": "Your personalized approach and care have improved my financial planning. I highly value your services and attention to detail in crafting financial plans."
    },
    {
        "id": 9,
        "category": "fintech",
        "author": "Christina",        
        "position": "CEO, Texas Instruments",        
        "img": "/images/member/484x512.png",
        "title": "Congratulation!",
        "star": 5,
        "desc": "I highly value and appreciate your services and the attention to detail you provide in crafting financial plans. Thank you for helping financial future!"
    }
]